Aotus_nancymaae,45,37
Callithrix_jacchus,51,40
Carlito_syrichta,12,7
Cebus_imitator,53,47
Cercocebus_atys,59,57
Chlorocebus_sabaeus,46,44
Gorilla_gorilla,45,65
Homo_sapiens,61,74
Hylobates_moloch,40,52
Macaca_fascicularis,55,44
Macaca_mulatta,68,55
Macaca_nemestrina,52,42
Mandrillus_leucophaeus,38,38
Microcebus_murinus,34,25
Nomascus_leucogenys,46,49
Otolemur_garnettii,19,26
Pan_paniscus,60,82
Pan_troglodytes,55,81
Papio_anubis,55,50
Piliocolobus_tephrosceles,39,45
Pongo_abelii,42,56
Propithecus_coquereli,38,25
Rhinopithecus_bieti,46,40
Rhinopithecus_roxellana,57,54
Saimiri_boliviensis,44,51
Sapajus_apella,53,47
Theropithecus_gelada,61,55
Trachypithecus_francoisi,57,50
