Clade,Gene,Organism,Repeat,Start_u,End_u,Start_a,End_a,Length_a
rodents,FASLG,Arvicanthis_niloticus,P,133,189,325,387,1038
rodents,FASLG,Arvicola_amphibius,P,133,207,325,405,1038
rodents,FASLG,Castor_canadensis,P,133,210,322,405,1038
rodents,FASLG,Cavia_porcellus,P,124,192,322,396,1038
rodents,FASLG,Chinchilla_lanigera,P,124,198,325,405,1038
rodents,FASLG,Cricetulus_griseus,P,133,213,325,405,1038
rodents,FASLG,Dipodomys_ordii,P,133,195,328,405,1038
rodents,FASLG,Fukomys_damarensis,P,124,189,325,405,1038
rodents,FASLG,Heterocephalus_glaber,P,124,195,325,405,1038
rodents,FASLG,Ictidomys_tridecemlineatus,P,133,207,325,405,1038
rodents,FASLG,Marmota_flaviventris,P,133,198,325,405,1038
rodents,FASLG,Marmota_marmota_marmota,P,133,198,325,405,1038
rodents,FASLG,Meriones_unguiculatus,P,136,192,328,393,1038
rodents,FASLG,Mesocricetus_auratus,P,133,204,325,405,1038
rodents,FASLG,Microtus_ochrogaster,P,133,207,325,405,1038
rodents,FASLG,Mus_caroli,P,133,198,325,396,1038
rodents,FASLG,Nannospalax_galili,P,133,201,325,405,1038
rodents,FASLG,Octodon_degus,P,124,189,325,405,1038
rodents,FASLG,Onychomys_torridus,P,133,216,322,405,1038
rodents,FASLG,Peromyscus_leucopus,P,133,213,325,405,1038
rodents,FASLG,Peromyscus_maniculatus_bairdii,P,133,216,322,405,1038
rodents,FASLG,Rattus_norvegicus,P,133,198,325,396,1038
rodents,FASLG,Rattus_rattus,P,133,198,325,396,1038
