Clade,Gene,Organism,Repeat,Start_u,End_u,Start_a,End_a,Length_a
Rodentia,ACIN1,Rattus_norvegicus,DRE,3619,3834,3805,4068,4131
Rodentia,ACIN1,Rattus_norvegicus,E,685,738,811,870,4131
Primates,DHX9,Homo_sapiens,DK,1765,1815,1768,1818,3864
Primates,DHX9,Homo_sapiens,GSY,3499,3810,3502,3864,3864
Aves,BRPF1,Gallus_gallus,A,433,468,502,537,3786
Aves,BRPF1,Gallus_gallus,E,1408,1443,1489,1524,3786
Aves,BRPF1,Gallus_gallus,H,505,519,586,600,3786
Aves,BRPF1,Gallus_gallus,P,148,171,154,201,3786
Afrotheria,NCOA6,Chrysochloris_asiatica,M,3079,3099,3142,3162,6420
Afrotheria,NCOA6,Chrysochloris_asiatica,PQ,2914,3078,2935,3141,6420
Afrotheria,NCOA6,Chrysochloris_asiatica,Q,775,864,775,870,6420
Carnivora,ARID1B,Ursus_arctos,DE,5404,5481,5959,6054,7548
Carnivora,ARID1B,Ursus_arctos,G,7,33,187,213,7548
Carnivora,ARID1B,Ursus_arctos,H,316,390,529,609,7548
Carnivora,ARID1B,Ursus_arctos,Q,397,477,616,744,7548
Carnivora,ARID1B,Ursus_arctos,S,187,234,376,447,7548
Chiroptera,DDX17,Myotis_myotis,AYTG,1594,1770,1600,1776,1962
Chiroptera,DDX17,Myotis_myotis,G,1429,1452,1429,1458,1962
Chiroptera,DDX17,Myotis_myotis,P,1915,1941,1921,1953,1962
Artiodactyla,GATA6,Capra_hircus,A,520,552,523,555,1827
Artiodactyla,GATA6,Capra_hircus,H,970,990,976,996,1827
Artiodactyla,GATA6,Capra_hircus,T,1336,1350,1381,1395,1827
Marsupials,SOX11,Monodelphis_domestica,DE,703,783,715,795,1386
Marsupials,SOX11,Monodelphis_domestica,G,430,477,430,489,1386
Marsupials,SOX11,Monodelphis_domestica,Q,796,825,808,852,1386
Marsupials,SOX11,Monodelphis_domestica,S,1048,1101,1075,1128,1386
